http://www.polymtl.ca/futur-etudes-superieures/sites/futur-etudes-superieures.amigow.polymtl.ca/files/hqdefault_1.jpg,polytechnique,,,
http://www.polymtl.ca/sites/amigow.polymtl.ca/files/Prestige_IMG_3955.jpg,polytechnique,,,
http://loutardeliberee.com/wp-content/uploads/2017/12/Polytechnique_pavillons_lassonde_0005.jpg,polytechnique,,,
https://upload.wikimedia.org/wikipedia/commons/thumb/1/14/%C3%89cole_Polytechnique_de_Montr%C3%A9al.jpg/220px-%C3%89cole_Polytechnique_de_Montr%C3%A9al.jpg,polytechnique,,,
http://plancampus.umontreal.ca/uploads/tx_lbocampusmap/1_Mackay_Lassonde.jpg,polytechnique,,,
https://stationnement.aep.polymtl.ca/images/poly.jpg,polytechnique,,,
http://ville.montreal.qc.ca/siteofficieldumontroyal/sites/ville.montreal.qc.ca.siteofficieldumontroyal/files/styles/album-grid-8/public/pbi_09_38_35b_copie.jpg?itok=99Y3y828,polytechnique,,,
http://media2.ledevoir.com/images_galerie/de_527341_382292/image.jpg,polytechnique,,,
http://plancampus.umontreal.ca/uploads/tx_lbocampusmap/2_Polytechnique.jpg,polytechnique,,,
http://storage.tvanouvelles.ca/v1/dynamic_resize/sws_path/tvanouvelles_prod/168e1565-f7d8-4ac0-8f8f-1b559a2312ab/stockqmiecole_16x9_WEB.jpg?quality=80&size=1200x&version=1,polytechnique,,,
http://www.probono-udem.ca/wordpress/wp-content/uploads/2015/05/00000048_lrg.jpg,udem,,,
http://img.src.ca/2012/03/28/635x357/120328_ym5ns_universite-montreal_sn635.jpg,udem,,,
https://admission.umontreal.ca/fileadmin/fichiers/objectif-udem/12140053_991342267580709_2942933248385705622_o.jpg,udem,,,
http://media2.ledevoir.com/images_galerie/de_339116_226820/image.jpg,udem,,,
http://media2.ledevoir.com/images_galerie/de_161764_123670/image.jpg,udem,,,
http://loutardeliberee.com/wp-content/uploads/2014/11/Universite_Montreal.jpg,udem,,,
https://imtl.org/image/big/universiteDeMontreal_2006.jpg,udem,,,
http://media2.ledevoir.com/images_galerie/de_482713_340091/image.jpg,udem,,,
https://journalmetrocom.files.wordpress.com/2016/04/udem_hiver2.jpg?w=618&h=408&crop=1,udem,,,
http://images.lpcdn.ca/641x427/201609/22/1268582-universite-montreal-grimpe-10-echelons.jpg,udem,,,
http://seletlumieretv.org/blogue/wp-content/St_Joe_Oratory.jpg,oratoire,,,
https://blogues.csaffluents.qc.ca/jbm-pei1/files/2011/08/oratoire_saint_joseph1.jpg,oratoire,,,
https://thumbnails.trvl-media.com/1mdTJvDWgRxafY2F7b-pD3yuiPs=/768x432/images.trvl-media.com/media/content/shared/images/travelguides/destination/180017/Saint-Josephs-Oratory-49086.jpg,oratoire,,,
http://www.ameriquefrancaise.org/media-3422/frere_andre_2.jpg,oratoire,,,
http://images.lpcdn.ca/641x427/201606/05/1206918-projet-refection-oratoire-decor-depuis.jpg,oratoire,,,
http://www.quebecvacances.com/images/photos/photos_600_400/loratoire_saint_joseph_du_mont_royal_2.jpg,oratoire,, , 
http://ville.montreal.qc.ca/siteofficieldumontroyal/sites/ville.montreal.qc.ca.siteofficieldumontroyal/files/styles/album-grid-8/public/pbi_08_03_19d-copie.jpg?itok=_HTmR0ui,oratoire,,,
http://www.quebecvacances.com/images/photos/photos_600_400/loratoire_saint_joseph_du_mont_royal_1.jpg,oratoire,,,
http://magnitude6.ca/wp-content/uploads/2017/06/oratoire-st-joseph-e1496961108796.jpg,oratoire,,,
https://upload.wikimedia.org/wikipedia/commons/8/82/Oratoire_Saint-Joseph_du_Mont-Royal_%40_Mount_Royal_%40_Montreal_%2830380890526%29.jpg,oratoire,,,
